{
  "H": {
    "a0": 91.4580958,
    "a1": -1.369098274,
    "a2": 0.088732502,
    "a3": -0.004094832
  },
  "n": {
    "b0": 0,
    "b1": 10.64513058,
    "b2": -0.689084553,
    "b3": 0.025336728,
    "b4": -0.000432299
  },
  "P": {
    "c0": 2.499960015,
    "c1": 0.089953572,
    "c2": 0.005901876,
    "c3": -0.000125882,
    "c4": -0.00000307739236068452

  }
}